"","Address","Acres","Value","Building.Type","Sales.Price","Map..","Region","X2014","X2016","X2018","X2020","X2022","sqft","bed","bath"
"3","1 Hamric St","0.46","$182,900.00 ","Dwelling","$214,900.00 ","34 13 10",3,209500,218400,235500,219000,293000,1486,3,2
"5","1 Morrison Dr","0.353","$230,400.00 ","Dwelling","$240,000.00 ","40 4 2 7",3,231200,281100,254500,241400,329500,1914,4,3
"6","1 Pendleton Pl","0.26","$343,400.00 ","Dwelling","$150,000.00 ","22 3 25A",4,365000,366400,386900,368700,446600,2107,4,3
"7","1 S Main Pl","N/A","$285,600.00 ","Dwelling","$388,800.00 ","23 1 159",5,332300,329800,377200,379900,479100,2131,3,2
"11","10 Chamberlain Loop","0.104","$306,100.00 ","Twnhse/condo","$292,800.00 ","39 1 1 37",3,298200,299400,322900,346900,397800,2739,3,4
"12","10 Houston St","0.47","$186,000.00 ","Dwelling","$323,000.00 ","29 1 24",5,227400,235900,257100,340900,410200,3154,3,3
"15","10 Parry Ln","0.04","$119,500.00 ","Dwelling","$145,000.00 ","17 1 46",2,128900,105100,110700,134500,162400,1194,3,1.5
"16","10 Poyntz Pl","N/A","$249,300.00 ","Dwelling","$262,000.00 ","25 8 5",2,249200,263100,283800,266400,352600,1904,3,2
"17","10 Sixty West Dr","N/A","$351,600.00 ","Dwelling","$389,000.00 ","8 1 1 10",6,354600,402800,397900,388000,488000,2256,3,2
"18","100 Smith St","0.526","$153,600.00 ","Dwelling","$155,000.00 ","18 1 19",2,165700,137600,157300,174400,227500,1263,3,2
"19","101 Colonnade Ave","N/A","$220,500.00 ","Dwelling","$227,000.00 ","15 1 1 59",6,237800,207400,230000,248400,317600,2374,3,3
"20","101 Johnstone St","0.79","$414,600.00 ","Dwelling","$410,000.00 ","34 11 22",3,496300,525100,405600,442400,551600,3664,4,3.5
"22","101 Rebel Ridge Rd","N/A","$253,500.00 ","Dwelling","$256,000.00 ","21 2 14",4,250200,261200,281600,283000,334500,2685,5,3
"23","101 Smith St","0.47","$184,100.00 ","Dwelling","$162,000.00 ","18 13 2A",2,204800,163900,176700,165000,263800,1400,3,2
"26","101 Willow Ln","0.22","$150,200.00 ","Dwelling","$162,000.00 ","14 1 23C2",4,149500,160600,145700,158800,226800,1200,3,1
"28","102 Moore St","0.15","$128,500.00 ","Dwelling","$175,000.00 ","23 1 252",5,129000,130300,130500,144400,194100,1104,3,2
"29","103 Mcdowell St","0.18","$371,700.00 ","Dwelling","$384,900.00 ","23 6 3A",6,403500,391900,422600,442100,535000,3085,3,3
"30","103 Oakview Dr","N/A","$173,100.00 ","Dwelling","$210,000.00 ","34 6 9C",3,22200,214900,235800,225300,289000,1680,4,3
"31","103 Tucker St","0.28","$159,900.00 ","Dwelling","$100,000.00 ","24 1 41",2,152100,132400,165800,154500,113400,2200,7,5
"33","103 Willow Ln","0.21","$239,600.00 ","Dwelling","$150,000.00 ","14 1 23A",4,168100,163300,171800,161300,232700,1720,3,2.5
"34","104 Colston Pl","0.64","$338,400.00 ","Dwelling","$300,000.00 ","33 2 77",3,348600,374000,397500,308000,462400,2642,5,3
"37","104 Mccormick St","0.43","$188,900.00 ","Dwelling","$104,000.00 ","40 3 3 3",3,240600,191100,181200,234900,320800,2121,5,3
"38","104 Tucker St","0.061","$94,100.00 ","Dwelling","$115,000.00 ","24 1 22",5,74800,104700,99100,95200,158200,1536,4,2
"39","104 White St","0.82","$524,200.00 ","Dwelling","$585,000.00 ","22 12 5",4,505700,524400,536800,598500,752600,3701,5,4
"40","105 Colonnade Ave","N/A","$198,500.00 ","Dwelling","$129,381.00 ","15 1 1 60",6,226000,216000,238400,233500,154000,1436,3,2
"42","105 Johnstone St","0.74","$371,700.00 ","Dwelling","$375,000.00 ","34 11 20",3,352300,356700,384700,379300,486100,2899,3,3
"44","105 Rebel Ridge Rd","0.35","$204,900.00 ","Dwelling","$190,000.00 ","21 2 17",4,186800,22300,203100,235600,293700,1983,4,2
"45","105 Tucker St","0.24","$88,500.00 ","Dwelling","$18,000.00 ","24 1 40",2,104900,53900,111500,115500,138000,1016,2,1
"46","105 White St","0.14","$416,100.00 ","Dwelling","$457,500.00 ","22 1 28",6,415200,432500,468200,493200,592800,2810,3,3
"47","106 W Preston St","0.27","$329,800.00 ","Dwelling","$335,000.00 ","23 6 2",6,343200,400200,401300,384800,549900,2449,4,2
"48","106 White St","0.29","$490,100.00 ","Dwelling","$380,000.00 ","22 1 20",4,496400,467000,487300,557800,688100,3400,3,3
"49","107 Houston St","0.27","$180,000.00 ","Dwelling","$161,000.00 ","29 1 45",3,191700,166000,195300,202000,260200,1644,3,1
"50","107 Moore St","0.16","$159,000.00 ","Dwelling","$140,000.00 ","23 1 232",5,150500,154100,140800,152200,229700,1456,3,2
"51","107 Paxton St","0.66","$383,400.00 ","Dwelling","$360,000.00 ","34 11 47",3,335900,371500,368700,358200,461200,1865,4,3
"53","107 Tucker St","0.17","$178,100.00 ","Dwelling","$188,500.00 ","24 1 38",2,159700,165100,166500,179000,212800,3264,7,4
"54","107 Varner Ln","0.09","$44,100.00 ","Dwelling","$37,500.00 ","23 10 2A",5,129200,113000,109900,72800,145000,1210,3,2
"55","107 White St","0.19","$410,900.00 ","Dwelling","$489,000.00 ","22 1 27",6,453800,485300,466200,467600,591100,2947,3,3
"58","108 Johnstone St","0.74","$378,300.00 ","Dwelling","$270,000.00 ","28 24 27",3,331100,360800,379500,272500,316600,2891,3,2
"59","108 Moore St","0.17","$98,100.00 ","Dwelling","$80,000.00 ","23 1 249",5,105000,99100,115900,92100,152000,1080,4,1
"61","108 Paxton St","0.54","$278,600.00 ","Dwelling","$245,000.00 ","33 3 60",3,330900,268800,261900,315000,417100,3136,4,3
"66","109 Colston Pl","0.57","$353,400.00 ","Dwelling","$345,000.00 ","33 3 6",3,386800,348200,375500,383800,517500,2880,5,3.5
"67","109 E Preston St","0.14","$184,700.00 ","Dwelling","$260,000.00 ","23 7 7",5,134900,297300,175200,264600,316700,1632,3,2
"68","109 Paxton St","0.55","$372,900.00 ","Dwelling","$290,000.00 ","34 11 48",3,335200,376800,400800,299200,451100,2088,4,2.5
"70","109 Taylor St","0.21","$143,800.00 ","Dwelling","$47,000.00 ","23 9 15",5,142700,121700,121800,153000,22500,1392,3,2
"71","109 Tucker St","0.21","$72,700.00 ","Dwelling","$45,000.00 ","24 1 36",2,105100,112000,104700,82000,146000,1567,3,1
"72","109 W Mcdowell St","0.11","$389,300.00 ","Dwelling","$455,000.00 ","23 1 33",6,444300,462200,423100,468300,524300,2739,4,3
"73","11 Chamberlain Loop","0.084","$343,500.00 ","Twnhse/condo","$275,000.00 ","39 1 1 27",3,238200,300500,321400,359800,401000,2403,4,3
"74","11 Edmondson Ave","0.3","$288,300.00 ","Dwelling","$303,500.00 ","28 21 16",4,250600,270100,274000,321300,379400,2206,5,2
"76","11 Jordan St","0.23","$378,100.00 ","Dwelling","$378,000.00 ","22 12 3",4,393700,432100,384800,415600,507900,2136,5,3
"81","11 Tucker St","0.21","$173,500.00 ","Dwelling","$228,900.00 ","24 1 45",2,128100,127200,132000,129100,156700,1242,3,2
"83","110 Lee Ave","0.39","$668,900.00 ","Dwelling","$727,500.00 ","23 1 41",6,500400,559000,780100,780600,902000,4550,5,4
"84","110 N Randolph St","0.1342","$115,000.00 ","Dwelling","$140,000.00 ","17 1 35",5,97700,105900,115300,116300,159100,1934,3,1
"85","110 Rebel Ridge Rd","0.5","$217,800.00 ","Dwelling","$290,725.00 ","21 2 9",4,236800,217900,209800,294500,367800,1719,3,2
"86","110 W Mcdowell St","0.3","$374,200.00 ","Dwelling","$375,000.00 ","23 1 32",6,470000,443800,454800,491400,528200,3059,4,3
"87","110 White St","0.36","$433,800.00 ","Dwelling","$500,000.00 ","22 1 23",4,472000,476400,517600,558800,667700,3186,5,4
"88","111 Henry St","0.2066","$170,600.00 ","Dwelling","$189,500.00 ","24 6 4",5,155400,164400,171700,194500,260800,1860,3,2
"90","111 Rebel Ridge Rd","0.32","$194,700.00 ","Dwelling","$166,000.00 ","21 2 20",4,209100,215000,223600,174800,271700,1354,3,3
"91","111 White St","0.32","$238,400.00 ","Dwelling","$210,000.00 ","22 1 26",6,378600,352100,244200,263700,405100,2500,3,3
"92","112 Colston Pl","N/A","$366,900.00 ","Dwelling","$355,000.00 ","33 3 4",3,319900,338500,362400,391300,488500,2976,4,3
"96","112 Smith St","0.397","$101,000.00 ","Dwelling","$117,645.00 ","18 5 C",2,104500,76200,111400,125000,153700,880,3,1
"100","113 Mccormick St","0.85","$190,500.00 ","Dwelling","$185,000.00 ","40 3 3 6",3,206200,226000,195000,240000,282000,1500,3,2
"102","113 White St","N/A","$438,800.00 ","Dwelling","$425,000.00 ","22 1 25",6,435400,407600,471000,436700,560400,2874,4,3
"103","114 Lee Ave","0.19","$429,300.00 ","Dwelling","$675,000.00 ","23 1 40",6,427500,467500,480400,496800,745000,2708,4,3
"104","114 N Randolph St","0.1101","$96,500.00 ","Dwelling","$92,000.00 ","17 1 37",5,124800,90800,102200,123000,157500,1124,3,2
"105","114 Oakview Dr","N/A","$328,800.00 ","Dwelling","$150,000.00 ","28 23 8",3,327500,359800,357400,343100,452200,3331,5,3
"106","114 Taylor St","0.13","$143,500.00 ","Dwelling","$117,900.00 ","23 9 7",5,147000,144000,127700,123000,235000,1736,4,2
"109","116 Lee Ave","0.16","$807,100.00 ","Dwelling","$275,000.00 ","23 1 36",6,505700,372800,739000,722300,977000,4343,5,4
"110","116 Moore St","0.16","$100,800.00 ","Dwelling","$82,000.00 ","23 1 245",5,122200,115100,114700,123300,195300,1408,3,2
"113","117 Colonnade Ave","N/A","$228,900.00 ","Dwelling","$297,900.00 ","15 1 1 63",6,225200,224300,304300,328600,369700,2052,3,2
"114","117 N Randolph St","0.58","$196,100.00 ","Dwelling","$210,000.00 ","17 1 148",5,204500,173800,192900,208900,232300,2956,4,2
"116","118 Welsh Park","0.27","$148,000.00 ","Dwelling","$146,600.00 ","34 2 5B",3,127000,134400,150100,162100,226400,1032,3,2
"117","12 Chamberlain Loop","0.104","$287,600.00 ","Twnhse/condo","$269,000.00 ","39 1 1 38",3,306900,291300,285300,337700,383500,2537,4,3
"118","12 Edmondson Ave","0.23","$337,300.00 ","Dwelling","$480,000.00 ","28 25 C",3,334700,414700,407900,384700,561500,1846,3,3
"119","12 Hook Ln","0.2","$137,500.00 ","Dwelling","$155,000.00 ","18 1 14",2,127900,128100,150900,162900,174400,1444,3,2
"120","12 Link Rd","0.31","$205,400.00 ","Dwelling","$201,500.00 ","40 4 2 5",3,232000,226000,206800,223300,298700,1809,3,2.5
"121","12 Massie St","0.025","$105,100.00 ","Dwelling","$135,000.00 ","17 1 59",2,130100,119500,118800,129600,179200,1188,3,2
"122","12 Sixty West Dr","0.13","$400,900.00 ","Dwelling","$400,000.00 ","8 1 1 12",6,418400,409400,441600,443200,534000,3291,4,4
"124","120 Houston St","0.48","$129,200.00 ","Dwelling","$120,000.00 ","29 1 39",5,192600,193800,208200,131800,132700,1708,4,1
"125","121 Chavis Ave","0.19","$227,100.00 ","Dwelling","$231,500.00 ","15 1 1 52",6,223400,232700,236600,255500,320700,1302,3,2
"127","122 S Jefferson St","0.07","$142,300.00 ","Dwelling","$85,000.00 ","23 1 115",6,222700,108500,254600,230300,247300,1624,4,2.5
"213","126 Houston St","0.21","$124,900.00 ","Dwelling","$100,000.00 ","29 11 4",5,125700,128300,144800,152700,204800,1062,2,2
"214","128 Welsh Park","0.37","$135,800.00 ","Dwelling","$126,000.00 ","34 2 10",3,187100,209100,132300,152800,240500,2012,4,2.5
"215","129 Chavis Ave","0.193","$218,600.00 ","Dwelling","$190,000.00 ","15 1 1 53A",6,223400,227400,203400,254800,298400,1500,2,2
"217","13 Country Club Rd","0.45","$177,100.00 ","Dwelling","$134,500.00 ","39 2 11",3,190900,180700,194000,148500,268300,1250,3,2
"218","13 Link Rd","0.48","$252,800.00 ","Dwelling","$210,000.00 ","34 14 1 5",3,255900,280700,283000,216900,344600,3596,4,3
"219","132 Welsh Park","0.45","$142,100.00 ","Dwelling","$145,500.00 ","34 2 12",3,192100,170100,213600,147200,275200,1506,3,2
"220","133 Colonnade Ave","0.244","$199,800.00 ","Dwelling","$215,000.00 ","15 1 1 66",6,223400,215000,232000,256000,299000,1500,3,2
"221","136 Houston St","0.16","$180,900.00 ","Dwelling","$179,000.00 ","29 12 A1",5,172900,173300,210300,179700,266800,1868,3,1
"222","137 Colonnade Ave","0.365","$248,900.00 ","Dwelling","$232,500.00 ","15 1 1 67",6,230900,242700,261800,269400,343300,1518,3,3
"223","14 Maple Ln","0.39","$249,500.00 ","Dwelling","$317,000.00 ","28 14 8",3,236600,342800,307300,325900,0,1962,3,2.5
"224","14 Sixty West Dr","0.13","$347,100.00 ","Dwelling","$315,000.00 ","8 1 1 14",6,364900,383900,414000,394800,448700,2514,3,3
"225","141 Colonnade Ave","0.357","$233,800.00 ","Dwelling","$229,000.00 ","15 1 1 68",6,227100,240700,240000,257600,327800,1700,3,2
"226","142 Colonnade Ave","0.345","$244,900.00 ","Dwelling","$232,000.00 ","15 1 1 70",6,225000,232700,244300,262900,331500,1462,3,2
"229","15 Westside Ct","0.115","$248,400.00 ","Dwelling","$225,000.00 ","28 21 17A",4,203800,252300,300700,233200,330200,1734,3,1.5
"231","16 Diamond St","0.06","$163,700.00 ","Dwelling","$200,000.00 ","17 1 91",2,127100,122500,202100,218400,270700,1532,2,2
"232","16 Fuller St","0.18","$78,600.00 ","Dwelling","$115,000.00 ","24 1 35",2,59600,86700,82800,115500,134300,601,2,1
"233","16 Maple Ln","0.38","$219,700.00 ","Dwelling","$230,000.00 ","29 17 9",3,229300,219100,239600,241500,313200,2371,3,2
"235","17 Edmondson Ave","0.3","$270,700.00 ","Dwelling","$242,000.00 ","28 21 19",4,302600,273400,259700,306300,379900,1980,4,2
"236","17 Poyntz Pl","N/A","$224,300.00 ","Dwelling","$219,000.00 ","25 8 13",2,223400,234000,207500,223100,305200,1446,3,2
"237","17 Whitmore St","N/A","$182,700.00 ","Dwelling","$189,750.00 ","28 5 33",3,193200,217300,223100,189100,294000,1395,3,2
"238","18 Chamberlain Loop","0.104","$285,800.00 ","Dwelling","$290,000.00 ","39 1 1 41",3,166400,157600,169600,298700,373600,1707,3,2
"239","18 Diamond St","0.07","$107,300.00 ","Dwelling","$137,400.00 ","17 1 93",2,139500,95200,118800,121400,151300,865,2,1
"240","18 Houston St","0.38","$175,000.00 ","Dwelling","$201,900.00 ","29 1 28",5,192700,196900,229500,206400,309300,1478,3,2
"242","18 Maple Ln","0.38","$150,700.00 ","Dwelling","$120,000.00 ","29 17 10",3,186700,122900,128800,161000,215900,1238,2,1
"244","19 Maple Ln","0.31","$247,300.00 ","Dwelling","$258,000.00 ","29 17 19",3,164500,262900,160600,156900,338700,1651,3,3
"246","19 Whitmore St","0.21","$175,300.00 ","Dwelling","$149,000.00 ","28 5 35",3,197000,216300,213200,158000,242000,1400,2,1
"247","2 Barger Dr","N/A","$243,000.00 ","Dwelling","$345,000.00 ","28 4 4",3,237100,273700,264800,289400,377600,2213,4,2
"251","2 Maple Ln","0.19","$259,100.00 ","Dwelling","$256,000.00 ","28 1 13",3,247600,263500,288700,290100,377500,2184,4,2
"256","20 Chamberlain Loop","0.1","$285,500.00 ","Dwelling","$293,000.00 ","39 1 1 42",3,167500,157700,170900,303300,375800,1707,3,2
"258","20 Link Rd","0.36","$203,100.00 ","Dwelling","$200,500.00 ","34 14 2 1",3,237600,216400,223500,241400,294700,2144,3,2
"259","20 Maple Ln","0.38","$213,300.00 ","Dwelling","$218,765.00 ","29 17 11",3,236700,248500,244700,264100,313800,2256,3,2
"260","20 Sixty West Dr","0.15","$333,100.00 ","Dwelling","$332,000.00 ","8 1 1 20",6,239200,342000,337200,364200,445400,2153,3,4
"261","200 Houston St","0.17","$122,100.00 ","Dwelling","$108,000.00 ","29 15 B 1",5,166500,175000,190500,134400,269500,2187,3,3
"262","200 Miller St","0.14","$73,700.00 ","Dwelling","$70,000.00 ","30 2 C 15",5,101700,78600,110900,94500,122000,768,2,1
"264","201 Center St","0.15","$59,100.00 ","Dwelling","$75,000.00 ","30 2 B 11A",5,72400,70800,48200,59400,117000,700,1,1
"265","201 Miller St","0.24","$55,800.00 ","Dwelling","$38,000.00 ","30 2 E 17B",5,55900,72500,78000,50500,95900,616,1,1
"266","201 Myers St","0.15","$269,800.00 ","Dwelling","$295,000.00 ","23 1 A2",6,303200,331800,346900,318600,393900,2514,4,3
"268","201 S Jefferson St","N/A","$379,400.00 ","Dwelling","$450,000.00 ","23 6 1",6,379900,390300,406200,464000,492200,2317,3,3
"269","201 Thompson's Knoll","0.1","$151,100.00 ","Dwelling","$189,900.00 ","18 14 20",2,230100,174200,236600,238100,416200,1210,3,3
"270","201 White St","0.29","$512,400.00 ","Dwelling","$493,000.00 ","22 1 54",6,490400,488600,472500,516300,701500,3600,4,3
"271","202 Miller St","0.27","$107,800.00 ","Dwelling","$130,000.00 ","30 2 C 13A",5,111900,129900,120700,120900,157100,1257,3,1
"272","202 N Randolph St","0.17","$101,700.00 ","Dwelling","$65,000.00 ","17 1 50",2,120000,112700,112000,134400,175100,1304,3,1
"274","203 Fuller St","0.11","$68,900.00 ","Dwelling","$70,500.00 ","24 1 113",2,66200,72500,71600,77300,115400,504,2,1
"275","203 Jackson Ave","0.34","$664,500.00 ","Dwelling","$618,500.00 ","23 1 8",6,985000,753200,778500,744500,953200,4348,6,5
"276","203 Johnstone St","0.78","$444,800.00 ","Dwelling","$300,000.00 ","28 3 3",3,442900,447000,215100,304600,559900,3449,4,3
"277","203 Maury St","0.09","$114,800.00 ","Dwelling","$115,000.00 ","17 5 2 1",2,120000,90900,122500,138300,175400,1126,4,2
"279","203 Ross Rd","2.59","$511,400.00 ","Dwelling","$827,500.00 ","22 1 7",4,204400,203600,184600,190700,620600,3339,4,2
"281","204 S Jefferson St","0.07","$137,300.00 ","Dwelling","$128,500.00 ","23 1 121",6,150500,131400,141700,160700,204700,792,2,1
"282","205 Alum Springs Rd","0.64","$108,300.00 ","Dwelling","$143,650.00 ","14 2 8",6,127000,145500,142500,151900,189000,1008,2,1
"283","205 Johnstone St","0.87","$459,900.00 ","Dwelling","$419,950.00 ","28 3 2",3,491600,468700,491300,433600,629800,3278,4,4.5
"284","205 Maury St","0.16","$91,400.00 ","Dwelling","$71,500.00 ","17 5 2 2",2,102200,124400,118000,124400,174800,1428,3,2
"285","205 Paxton St","0.82","$489,100.00 ","Dwelling","$428,000.00 ","27 4 10",3,495900,502500,545100,459200,657600,3649,4,3
"286","205 Senseney Ln","0.17","$107,900.00 ","Dwelling","$79,000.00 ","17 6 1 3",2,109200,80000,121400,80400,178500,1156,2,1.5
"287","206 S Randolph St","0.304","$351,300.00 ","Dwelling","$132,500.00 ","23 7 13A",5,230000,162400,175200,423200,412300,2375,4,2
"288","207 Catalpa Pl","0.369","$196,700.00 ","Dwelling","$249,000.00 ","15 1 34B",6,229000,221800,240200,243200,324300,1960,4,3
"289","207 Diamond St","0.18","$109,100.00 ","Dwelling","$110,000.00 ","17 6 1 20",2,124500,128700,122100,126900,195800,2220,6,2
"291","207 N Randolph St","0.24","$142,100.00 ","Dwelling","$190,000.00 ","17 1 138",2,124800,122100,128500,118700,242200,2314,4,1.5
"296","208 N Randolph St","0.12","$84,100.00 ","Dwelling","$66,000.00 ","17 1 83",2,99300,119800,117800,853000,146200,1456,3,1
"299","209 Alum Springs Rd","0.31","$104,300.00 ","Dwelling","$154,527.00 ","14 2 7",6,107600,145600,157000,159200,200000,1008,2,2
"300","209 Denny Ln","N/A","$178,800.00 ","Dwelling","$193,000.00 ","15 1 1 23",6,192100,199700,194300,210100,265800,1248,3,2
"301","209 Donald St","N/A","$138,100.00 ","Dwelling","$115,000.00 ","25 7 A",2,201000,183000,116500,125900,250300,1688,4,2
"305","209 S Randolph St","0.1044","$163,600.00 ","Dwelling","$179,500.00 ","23 1 161",5,191600,211000,228600,224300,234000,1489,2,1.5
"308","21 N Main St","0.14692","$619,300.00 ","Dwelling","$1,200,000.00 ","23 1 204",5,370300,346400,396300,389700,405000,3424,3,2
"309","21 Sellers Ave","0.19","$293,500.00 ","Dwelling","$335,000.00 ","28 11 12",3,320900,321000,397900,329800,427300,1847,3,1.5
"310","21 Sixty West Dr","0.12","$343,600.00 ","Dwelling","$315,000.00 ","8 1 1 21",6,364800,383100,321800,347400,452700,2263,3,2.5
"311","210 Alum Springs Rd","0.146","$161,400.00 ","Dwelling","$179,025.00 ","15 1 1 1",6,165200,176000,175500,190900,249100,1200,3,2
"315","210 S Jefferson St","0.06","$206,300.00 ","Dwelling","$250,000.00 ","23 1 126",6,201100,216700,234400,252600,297800,1692,3,2
"316","210 Taylor St","0.11","$63,900.00 ","Dwelling","$55,000.00 ","23 8 4",5,93800,72400,62600,72100,116100,875,2,1
"320","211 Donald St","0.26","$139,100.00 ","Dwelling","$135,000.00 ","25 7 B",2,127600,128500,142700,159600,212600,1012,3,1
"322","211 Miller St","0.19","$103,200.00 ","Dwelling","$115,000.00 ","30 2 E 12A",5,108600,120900,120200,130000,177400,936,3,1
"323","211 Walker St","0.14","$175,600.00 ","Dwelling","$130,000.00 ","30 2 D 10A",5,203100,196600,209400,200600,318600,2448,3,2
"324","212 Alum Springs Rd","0.138","$157,800.00 ","Dwelling","$210,000.00 ","15 1 1 2",6,164700,181800,178900,221100,262400,1253,3,2
"325","212 Barclay Ln","0.199","$466,100.00 ","Dwelling","$530,000.00 ","23 5 4",6,422300,414800,441300,644600,677900,2870,4,3
"326","212 Fuller St","0.12","$128,500.00 ","Dwelling","$120,000.00 ","24 1 82",2,125700,121700,129100,130500,197200,1392,3,2
"327","212 Maury St","0.12","$101,700.00 ","Dwelling","$97,000.00 ","17 4 A",2,122100,109800,103900,121000,166900,1000,3,1
"328","212 Miller St","0.14","$132,300.00 ","Dwelling","$168,500.00 ","30 2 C 8A",5,95600,177100,132600,150000,232300,1400,3,2
"331","213 Denny Ln","0.138","$162,700.00 ","Dwelling","$170,000.00 ","15 1 1 22",6,176700,192700,178100,191700,245600,1120,3,2
"336","214 Alum Springs Rd","0.138","$184,200.00 ","Dwelling","$218,000.00 ","15 1 1 3",6,186800,197400,179600,223400,281200,1400,3,2
"338","214 Miller St","0.36","$168,200.00 ","Dwelling","$190,000.00 ","30 2 C 5B",5,203200,178600,210600,193200,276500,1895,3,2
"339","214 S Jefferson St","0.06","$224,100.00 ","Dwelling","$234,000.00 ","23 1 133",6,198500,236900,255500,269000,331500,1586,3,2
"340","214 Summit St","0.14","$82,500.00 ","Dwelling","$66,000.00 ","30 4 F 6",5,103400,67200,72500,104400,149400,1000,3,1
"341","215 Alum Springs Rd","0.32","$117,700.00 ","Dwelling","$150,000.00 ","14 2 4",6,105000,130900,123600,149400,197000,1288,2,1
"343","215 Summit St","0.21","$106,800.00 ","Dwelling","$96,500.00 ","29 4 18",5,109100,124300,120300,99000,109700,960,3,1
"344","216 Alum Springs Rd","0.138","$169,300.00 ","Dwelling","$210,000.00 ","15 1 1 4",6,191900,182400,169800,183700,273000,1232,3,3
"345","216 Mcclung Pl","0.25","$190,300.00 ","Dwelling","$214,500.00 ","15 1 1 46",6,225400,226000,235700,221400,299200,1862,4,2
"346","216 N Randolph St","0.1","$78,300.00 ","Dwelling","$72,000.00 ","17 1 87",2,80800,72400,101200,109800,82400,1447,3,1
"349","216 Walker St","0.18","$117,900.00 ","Dwelling","$100,700.00 ","30 4 E 6",5,131100,118700,113600,122600,197600,1812,3,1
"351","217 Catalpa Pl","0.67","$254,700.00 ","Dwelling","$350,000.00 ","15 9 3",6,247300,320500,307200,359400,454100,2972,4,4
"352","217 Donald St","N/A","$212,900.00 ","Dwelling","$242,500.00 ","25 8 30",2,227400,239400,254100,242900,309700,1900,3,2
"355","218 Denny Ln","0.1515","$176,100.00 ","Dwelling","$190,000.00 ","15 1 1 26",6,198200,214600,192500,203000,262300,1275,3,2
"356","218 Lewis St","0.14","$150,200.00 ","Dwelling","$146,500.00 ","24 1 96",2,149300,154700,154900,183200,223900,1232,3,2
"357","218 Walker St","0.2","$165,100.00 ","Dwelling","$85,000.00 ","30 4 E 5",5,192700,181500,200500,197600,274000,1710,4,2
"359","219 Marble Ln","0.1","$57,400.00 ","Dwelling","$10,000.00 ","24 8 1A",2,71500,70500,71800,75500,109100,793,2,1
"361","219 N Lewis St","0.71","$232,200.00 ","Dwelling","$247,500.00 ","25 1 1 6",2,153200,240300,252200,272400,334300,1450,3,2
"362","219 N Randolph St","0.22","$92,100.00 ","Dwelling","$139,000.00 ","17 9 2",2,109600,83400,116100,141400,181000,780,2,2
"364","219 Walker St","0.14","$91,000.00 ","Dwelling","$55,000.00 ","30 2 D 6A",5,122800,115200,114700,99100,157000,934,2,1
"365","22 Hook Ln","0.156","$150,600.00 ","Dwelling","$148,000.00 ","18 10 B",2,139700,151700,169200,160000,225300,1853,3,2
"366","22 Maple Ln","0.31","$169,900.00 ","Dwelling","$180,000.00 ","29 17 12",3,150500,156500,173200,171000,244700,1242,3,1
"369","220 Massie St","0.14","$104,200.00 ","Dwelling","$119,000.00 ","24 1 75",2,105400,103900,119300,120100,170200,1066,3,1
"371","221 Massie St","0.12","$104,300.00 ","Dwelling","$175,000.00 ","24 7 2",2,128000,105000,110000,119900,199000,1600,3,2.5
"374","221 Senseney Ln","0.09","$101,400.00 ","Twnhse/condo","$57,000.00 ","17 6 1 15A",2,136100,133200,122100,117600,185400,1288,3,2
"375","221 Summit St","0.357","$116,400.00 ","Dwelling","$114,100.00 ","30 4 E 28",5,129200,115000,124000,133000,194600,1484,4,1
"376","222 Maury St","0.12","$74,200.00 ","Dwelling","$120,500.00 ","17 4 F",2,55900,65500,70700,124000,150600,672,2,1
"379","224 Maury St","0.12","$83,600.00 ","Dwelling","$162,000.00 ","17 4 G",2,105900,99800,102100,89600,185900,1353,3,1
"383","225 Mcclung Pl","0.2539","$205,900.00 ","Dwelling","$218,000.00 ","15 1 1 28",6,222700,206000,207600,224200,250300,1632,3,2.5
"384","225 Walker St","0.3","$110,700.00 ","Dwelling","$80,000.00 ","30 2 D 3A",5,141200,124300,129400,116500,182800,1060,2,1
"386","228 Catalpa Pl","0.41","$244,000.00 ","Dwelling","$290,000.00 ","15 1 20",6,179000,178600,277300,299700,367300,1800,3,3
"388","229 Summit St","0.14","$77,800.00 ","Dwelling","$144,500.00 ","30 4 E 30",5,100900,101700,92400,145600,191100,1066,2,2
"389","229 Walker St","0.31","$124,000.00 ","Dwelling","$147,500.00 ","30 2 D 1A",5,129200,127800,137400,157600,207000,1068,3,1
"390","23 Fuller St","0.225","$109,000.00 ","Dwelling","$108,500.00 ","24 1 70",2,66900,127400,119300,128900,201800,1800,4,2
"392","23 Sixty West Dr","0.12","$323,800.00 ","Dwelling","$330,000.00 ","8 1 1 23",6,335900,359600,371800,370800,425400,1963,2,2
"393","23 Westside Ct","0.16","$260,600.00 ","Dwelling","$310,000.00 ","28 21 13",4,249700,261000,308600,315400,355900,1834,3,2.5
"395","233 Denny Ln","N/A","$159,200.00 ","Dwelling","$183,000.00 ","15 1 1 17",6,222600,235500,177700,187200,207600,1153,3,2
"396","237 Denny Ln","N/A","$186,900.00 ","Dwelling","$220,000.00 ","15 1 1 16",6,223000,206200,229900,232000,300600,2318,3,3
"397","24 Edmondson Ave","0.3","$400,600.00 ","Dwelling","$389,000.00 ","28 1 4",3,355700,404900,403100,399000,502100,2559,4,2
"399","24 Sixty West Dr","0.12","$457,400.00 ","Dwelling","$480,000.00 ","8 1 1 24",6,440900,436300,420200,489000,616800,2466,5,3
"401","25 Lexington Ave","N/A","$169,100.00 ","Twnhse/condo","$165,000.00 ","39 1 B 4",3,168000,165500,171100,178600,192200,1184,2,1.5
"404","26 Edmondson Ave","0.3","$314,800.00 ","Dwelling","$460,000.00 ","28 1 3",3,393700,413600,409100,472400,550700,2598,5,3
"405","26 Sixty West Dr","0.13","$365,200.00 ","Dwelling","$355,000.00 ","8 1 1 26",6,373400,389900,409200,379900,486400,2033,2,3.5
"406","27 Chamberlain Loop","0.084","$228,000.00 ","Twnhse/condo","$235,000.00 ","39 1 1 19",3,214100,218500,240400,259600,330400,1472,2,2
"407","27 Fuller St","0.16","$119,800.00 ","Dwelling","$142,000.00 ","24 1 73",2,124000,117100,119700,135800,161800,1580,4,2
"408","27 Lexington Ave","N/A","$169,100.00 ","Twnhse/condo","$135,000.00 ","39 1 B 5",3,167900,169600,171700,179300,216200,1184,2,1.5
"409","27 Westside Ct","N/A","$211,600.00 ","Dwelling","$209,300.00 ","28 21 33",4,222700,282000,238700,224400,334500,1800,3,3
"411","29 Lexington Ave","N/A","$169,100.00 ","Twnhse/condo","$158,000.00 ","39 1 B 6",3,161700,160700,164200,177300,226100,1152,2,1.5
"412","3 Chamberlain Loop","0.1","$291,900.00 ","Dwelling","$305,000.00 ","39 1 1 31",3,188600,170500,308100,330000,386600,1919,3,2
"413","3 Courtland Ctr","N/A","$368,000.00 ","Dwelling","$320,000.00 ","33 3 10",3,495800,374900,336200,416500,501600,4232,5,3
"415","3 Little Sorrel Ln","0.14","$318,900.00 ","Dwelling","$447,000.00 ","23 1 19",6,317200,329800,288300,389900,492100,2414,3,3
"416","3 Maple Ln","0.23","$167,500.00 ","Dwelling","$212,500.00 ","28 13 2",3,182400,193300,213200,227900,290800,1830,3,2
"417","3 Poyntz Pl","N/A","$228,300.00 ","Dwelling","$225,000.00 ","25 8 20",2,224800,232600,244700,227500,308000,1585,3,2
"419","3 Sellers Ave","0.22","$381,600.00 ","Dwelling","$475,000.00 ","28 11 2",3,436800,480600,518400,462200,611800,3993,5,4
"420","3 Sheridan Row","N/A","$380,900.00 ","Twnhse/condo","$462,500.00 ","23 1 94F",6,333200,777200,327500,486300,566800,2506,3,2
"422","3 Thornridge Ct","N/A","$207,400.00 ","Dwelling","$224,000.00 ","40 2 2 9",3,224600,219600,245300,242500,312900,1553,3,2.5
"423","3 Welsh Park","0.26","$190,000.00 ","Dwelling","$134,000.00 ","34 13 3",3,191700,197200,210400,218700,268200,1218,3,2.5
"434","300 Walker St","0.2","$102,700.00 ","Dwelling","$85,000.00 ","30 4 B 12",5,112700,85100,89900,125800,135500,1092,2,1
"435","301 Houston St","0.3","$172,800.00 ","Dwelling","$145,000.00 ","29 8 3",3,176800,165500,178500,200300,261600,1814,3,2
"436","301 Jackson Ave","0.19","$330,200.00 ","Dwelling","$244,866.00 ","23 1 9",6,367900,249900,269500,418400,502400,3185,4,4
"437","301 Mccorkle Dr","N/A","$134,500.00 ","Dwelling","$178,000.00 ","25 1 11",2,119900,147000,142600,180700,228900,1271,3,1.5
"438","301 Miller St","0.2","$144,600.00 ","Dwelling","$100,000.00 ","30 2 E 2B",5,118600,124300,124300,119500,261600,1169,2,2
"439","301 Myers St","0.1","$177,800.00 ","Dwelling","$249,000.00 ","22 10 1",6,172300,246500,199500,249800,325000,1912,4,2
"440","301 S Jefferson St","0.3","$495,000.00 ","Dwelling","$585,000.00 ","23 1 29",6,500700,517500,519200,623700,674200,3785,4,3
"441","301 Walker St","0.15","$100,200.00 ","Dwelling","$101,300.00 ","30 2 A 11A",5,124100,104500,116900,122600,171000,1147,3,1
"443","302 Jackson Ave","0.21","$406,800.00 ","Dwelling","$246,666.00 ","23 1 14",6,350800,444400,456400,265500,537100,2760,4,3
"445","302 S Jefferson St","0.23","$418,700.00 ","Dwelling","$275,000.00 ","23 1 134",6,464800,377600,478600,348500,582700,3072,5,5
"446","303 High St","0.188","$127,000.00 ","Dwelling","$6,000.00 ","18 1 34",2,119900,125300,119900,145400,176300,1092,4,1.5
"447","303 Mccorkle Dr","0.35","$199,300.00 ","Dwelling","$193,000.00 ","25 1 12",2,212900,194400,209700,250700,300500,1634,4,3
"449","303 Walker St","0.14","$51,800.00 ","Dwelling","$115,000.00 ","30 2 A 10A",5,56000,72500,40100,120600,142300,576,2,1
"572","304 Jackson Ave","0.18","$225,200.00 ","Dwelling","$210,000.00 ","23 1 15",6,203700,200400,229300,257700,332900,1194,3,2
"574","304 S Jefferson St","0.23","$444,800.00 ","Dwelling","$300,000.00 ","23 1 136",6,500200,504100,474900,390200,334600,3876,5,4
"575","305 Diamond St","0.43","$114,300.00 ","Dwelling","$80,000.00 ","17 2 4",2,120100,124600,124100,86700,157300,888,3,1
"576","305 Jackson Ave","0.2","$404,200.00 ","Dwelling","$432,000.00 ","22 1 43",6,405300,415600,441800,461500,564200,2805,4,3
"578","305 S Jefferson St","0.74","$424,000.00 ","Dwelling","$390,000.00 ","23 1 27",6,443700,465000,471000,392300,539400,2773,4,2
"579","306 Enfield Rd","N/A","$257,100.00 ","Dwelling","$144,000.00 ","15 3 B",4,237600,247100,306500,148700,354200,1716,3,2
"580","306 Jackson Ave","0.27","$637,200.00 ","Dwelling","$635,000.00 ","23 1 16",6,511100,766800,683200,726600,806300,4458,5,5
"583","307 Overhill Dr","1.667","$436,000.00 ","Dwelling","$384,150.00 ","22 5 1",4,429300,454200,507000,508200,782900,3200,4,3
"586","308 Massie St","0.1","$86,300.00 ","Dwelling","$139,000.00 ","24 5 10",2,127000,111200,83600,145400,213000,1478,3,2
"587","308 Myers St","0.16","$179,600.00 ","Dwelling","$230,000.00 ","22 11 1",6,137100,132900,91800,236600,294100,1338,2,2
"588","308 Overhill Dr","1.872","$452,200.00 ","Dwelling","$325,000.00 ","22 4 4",4,429500,438800,484000,349200,564800,2594,3,2.5
"590","309 Miller St","0.24","$56,200.00 ","Dwelling","$38,000.00 ","29 12 E",5,129000,153300,390000,342100,185400,1948,4,2
"592","309 Peyton St","0.05","$66,200.00 ","Dwelling","$35,000.00 ","24 1 106",2,60400,62400,70600,340000,114500,828,3,1
"593","309 S Jefferson St","0.38","$476,100.00 ","Dwelling","$400,000.00 ","23 1 25",6,435100,429500,467000,534000,560900,2240,3,1
"594","309 Walker St","0.15","$73,000.00 ","Dwelling","$60,000.00 ","30 2 A 7A",5,108500,104700,70600,76200,143400,1036,2,1
"597","310 Enfield Rd","0.5","$397,000.00 ","Dwelling","$385,000.00 ","15 3 1",4,429200,456900,421500,428300,544900,3247,4,3
"598","310 Peyton St","0.13","$49,400.00 ","Dwelling","$25,000.00 ","24 1 91",2,78500,59800,78500,65700,87800,900,1,1
"599","310 S Main St","0.1392","$217,600.00 ","Dwelling","$280,000.00 ","23 4 3",5,203800,214500,254900,283100,359300,1395,3,2
"600","311 Jackson Ave","0.23","$454,700.00 ","Dwelling","$437,759.00 ","22 1 46",6,495900,471200,470500,513200,611000,3309,4,4
"601","311 Massie St","0.11","$150,500.00 ","Dwelling","$92,500.00 ","24 5 11",2,106200,121700,98700,154600,219800,1714,3,2
"602","311 Myers St","N/A","$96,700.00 ","Dwelling","$70,000.00 ","22 1 34",6,144000,98900,96700,89200,125800,570,1,1
"604","311 Summit St","0.17","$132,400.00 ","Dwelling","$165,900.00 ","30 3 F",5,140400,126700,115800,145400,221500,1177,3,1
"607","312 High St","0.2","$86,600.00 ","Dwelling","$65,000.00 ","18 1 41",2,105700,70500,76100,114000,155600,980,2,1
"608","312 Jackson Ave","0.215","$448,300.00 ","Dwelling","$528,000.00 ","22 1 31",6,418800,531700,573400,576600,651100,2720,4,3
"609","312 Peyton St","0.18","$88,400.00 ","Dwelling","$72,000.00 ","24 8 5",2,105800,72800,78500,114800,147000,900,3,1
"611","313 Massie St","0.09","$95,600.00 ","Dwelling","$86,000.00 ","24 5 13",2,128900,93800,92000,109000,152500,1092,2,1
"612","313 S Jefferson St","0.31","$884,100.00 ","Dwelling","$670,000.00 ","23 1 23",6,596700,1000,777900,776500,778900,5866,5,5.5
"613","313 Summit St","0.18","$162,600.00 ","Dwelling","$156,000.00 ","30 3 E",5,168000,176100,180300,168000,242800,1485,3,1
"614","314 S Jefferson St","0.15","$337,900.00 ","Dwelling","$415,000.00 ","23 1 147",6,238400,326400,352100,425200,526600,2597,4,4
"615","315 Campbell Ln","0.17","$147,500.00 ","Dwelling","$125,000.00 ","18 9 2",2,149600,155500,170300,166600,240000,1230,3,2
"619","318 Myers St","0.14","$156,300.00 ","Dwelling","$156,300.00 ","22 1 49",6,136500,132800,157500,159600,249700,1018,2,2
"626","330 Enfield Rd","0.42","$345,900.00 ","Dwelling","$329,000.00 ","14 1 21C",4,335400,344800,340600,367700,446900,3206,5,4
"627","342 Enfield Rd","0.52","$209,500.00 ","Dwelling","$15,000.00 ","14 1 22",4,198600,177800,178000,168000,342000,2384,3,3
"628","35 Chamberlain Loop","0.082","$345,400.00 ","Dwelling","$377,500.00 ","39 1 1 15",3,199100,195500,184900,386500,458800,2395,4,2
"629","356 Enfield Rd","N/A","$198,800.00 ","Dwelling","$195,000.00 ","21 4 1",4,237900,181400,195700,195900,296500,1973,5,2.5
"632","4 Barger Dr","N/A","$232,000.00 ","Dwelling","$223,000.00 ","28 4 3",3,255900,257300,284600,246900,327200,1783,4,2.5
"633","4 Chamberlain Loop","0.104","$304,400.00 ","Dwelling","$285,000.00 ","39 1 1 34",3,191200,263100,327400,348200,408700,2081,4,3
"634","4 Hillcrest Ln","0.32","$189,200.00 ","Dwelling","$195,000.00 ","24 3 21",2,219900,229700,219900,213300,293400,1884,3,2
"635","4 Mccormick St","0.45","$179,300.00 ","Dwelling","$238,000.00 ","40 3 1 4",3,239300,161600,174300,244000,310500,2267,3,3
"636","4 Morrison Dr","0.34","$198,100.00 ","Dwelling","$204,000.00 ","40 4 3 2",3,233100,236900,222700,242600,237600,2172,4,2.5
"637","4 Rhodes Ct","0.29","$148,700.00 ","Dwelling","$159,900.00 ","14 4 8",4,146600,161400,172800,169800,240100,1780,3,2
"640","4 Whitmore St","0.18","$313,900.00 ","Dwelling","$281,000.00 ","28 5 B",3,231300,255000,382900,384500,389800,2419,4,3.5
"643","401 Enfield Rd","0.86","$372,300.00 ","Dwelling","$435,000.00 ","14 1 17A",4,376100,398100,399800,428900,432200,2560,4,3
"648","402 Confederate Cir","N/A","$199,700.00 ","Dwelling","$274,000.00 ","21 4 19",4,183800,207900,189500,263200,330800,2080,4,3
"649","402 Morningside Dr","0.31","$171,100.00 ","Dwelling","$170,000.00 ","24 3 1",2,150100,127700,171600,173800,243100,1420,2,1
"651","403 Enfield Rd","0.567","$276,500.00 ","Dwelling","$310,000.00 ","14 6 B",4,291300,243300,326800,307300,395600,1845,3,2.5
"653","403 Jackson Ave","0.39","$331,100.00 ","Dwelling","$350,000.00 ","22 7 D",4,373400,406600,393200,370600,490900,2048,4,4
"655","403 Wills Rd","0.368","$208,000.00 ","Dwelling","$186,000.00 ","25 1 1 5",2,228600,241100,200100,258900,297000,1350,3,2
"656","404 Battery Ln","0.25","$164,700.00 ","Dwelling","$150,000.00 ","21 4 35",4,169700,190700,196400,161800,232900,1368,3,1
"658","404 E Washington St","0.41","$165,400.00 ","Dwelling","$150,199.00 ","24 4 3",2,150300,129000,171000,166900,272600,1324,2,1
"660","405 Confederate Cir","N/A","$187,400.00 ","Dwelling","$215,000.00 ","21 4 14",4,168300,213600,220000,237500,286000,1428,4,3
"662","405 Jackson Ave","0.38","$554,500.00 ","Dwelling","$360,000.00 ","22 7 E",4,475300,512200,582400,365900,724000,3566,4,4.5
"663","405 N Randolph St","0.12","$126,100.00 ","Dwelling","$119,000.00 ","17 1 103",2,129500,117400,115400,120100,217400,1672,4,2
"666","406 Enfield Rd","0.28","$226,400.00 ","Dwelling","$228,000.00 ","21 4 8",4,237900,245000,264200,253500,308000,1977,4,3
"667","407 Overlook Cir","0.65","$400,300.00 ","Dwelling","$370,000.00 ","21 1 6",4,201100,191900,182300,184100,431100,2264,4,3
"668","407 Spotswood Dr","0.46","$263,600.00 ","Dwelling","$295,000.00 ","29 1 28A",5,232400,244900,264700,281500,336700,1700,4,2
"670","408 Carruthers St","0.21","$100,300.00 ","Dwelling","$100,000.00 ","17 1 110",2,118100,128600,109000,117600,148900,1280,2,2
"672","408 Enfield Rd","0.28","$194,300.00 ","Dwelling","$194,000.00 ","21 4 9",4,198100,185500,200900,212400,231000,1448,3,2
"674","408 Maury St","0.1","$101,500.00 ","Dwelling","$95,000.00 ","17 1 131",2,105600,114400,118200,115400,146400,1075,2,1
"675","408 Reid St","0.26","$223,300.00 ","Dwelling","$216,000.00 ","15 5 13A",6,229700,255500,257300,282600,310700,2100,4,3
"676","409 Arpia St","0.2","$121,000.00 ","Dwelling","$110,000.00 ","29 7 1",3,129400,115800,118500,125300,188700,1579,3,1
"679","409 Evans Dr","0.09","$153,600.00 ","Dwelling","$160,000.00 ","18 14 9",2,159800,169000,163400,174900,225100,1394,2,1
"681","409 Morningside Dr","0.27","$207,000.00 ","Dwelling","$221,000.00 ","24 11 5",2,119200,209200,233700,222800,298800,1600,2,1
"682","409 Wills Rd","N/A","$238,100.00 ","Dwelling","$230,000.00 ","25 8 26",2,228400,235000,252500,248100,295000,2240,3,3
"684","410 Arpia St","0.18","$85,800.00 ","Dwelling","$79,000.00 ","36 2 4",3,102400,85300,109600,94500,120700,728,2,1
"685","410 Carruthers St","0.21","$127,800.00 ","Dwelling","$141,000.00 ","17 1 111",2,132800,140500,154700,148700,203200,1344,3,1.5
"686","411 Morningside Dr","0.27","$211,200.00 ","Dwelling","$284,000.00 ","24 11 6",2,223600,294500,284200,307400,360300,2543,4,2
"692","413 Morningside Dr","0.24","$198,600.00 ","Dwelling","$167,600.00 ","24 11 7",2,192900,213600,178400,244400,276700,1464,3,2
"693","414 Carruthers St","0.21","$79,300.00 ","Dwelling","$75,000.00 ","17 1 113",2,119700,101700,122500,118500,144200,797,2,1
"694","414 Evans Dr","0.14","$142,700.00 ","Dwelling","$153,500.00 ","18 14 18",2,153900,161900,170300,168100,217600,960,3,2
"699","418 Morningside Dr","0.32","$176,600.00 ","Dwelling","$240,000.00 ","25 4 13",2,151400,218500,179200,196500,264900,1392,3,2
"701","423 Evans Dr","0.15","$126,900.00 ","Dwelling","$103,242.00 ","18 14 5",2,123800,147300,154000,161700,181500,884,3,2
"702","424 Evans Dr","0.168","$191,500.00 ","Dwelling","$195,800.00 ","18 6 11",2,203000,203200,210200,226500,274500,1107,3,2.5
"703","426 Evans Dr","0.184","$204,900.00 ","Dwelling","$216,000.00 ","18 6 10",2,146000,117700,130300,221700,279500,1357,3,2
"705","427 Evans Dr","0.15","$134,300.00 ","Dwelling","$120,678.00 ","18 14 6",2,124600,131500,155800,165800,195000,1019,3,1
"707","428 Morningside Dr","0.275","$155,100.00 ","Dwelling","$99,500.00 ","25 4 18",2,122300,78600,92500,117900,163500,858,2,1
"711","437 W Nelson St","0.169","$87,100.00 ","Dwelling","$85,526.00 ","15 1 26",6,133700,129500,118800,108300,148300,784,2,1
"713","440 Lime Kiln Rd","0.495","$212,300.00 ","Dwelling","$259,000.00 ","15 1 16A",6,260800,275600,296500,258500,358100,1664,3,3
"717","475 E Nelson St","0.15","$124,300.00 ","Dwelling","$112,000.00 ","30 1 3",5,139900,112400,121300,135200,209400,1688,3,2
"718","5 Chamberlain Loop","0.1","$321,800.00 ","Dwelling","$315,000.00 ","39 1 1 30",3,200300,195400,318400,344000,411400,2248,4,2
"719","5 Jordan St","0.23","$217,400.00 ","Dwelling","$165,000.00 ","22 12 1",4,188400,166200,179200,271500,292100,952,2,1.5
"721","5 Rhodes Ct","0.26","$141,900.00 ","Dwelling","$141,000.00 ","14 4 9",4,146900,139000,146000,157600,218700,1554,3,1
"723","5 Stratford Ln","1.946","$1,024,500.00 ","Dwelling","$1,015,000.00 ","15 1 9A3",6,837400,892000,870000,774700,1300000,5421,5,5.5
"729","501 Lime Kiln Rd","0.71","$314,300.00 ","Dwelling","$504,500.00 ","14 3 10",4,320500,269600,298700,364500,558800,2244,2,2
"730","501 Mccorkle Dr","0.14","$125,000.00 ","Dwelling","$135,000.00 ","25 2 8",2,113500,120800,138300,149400,190100,1085,2,1
"731","501 S Main St","0.18","$518,000.00 ","Dwelling","$210,000.00 ","28 21 29",4,473200,464100,537200,560400,745500,3361,5,7
"732","502 Allen Ave","0.11","$95,900.00 ","Dwelling","$160,000.00 ","25 2 18",2,97600,86100,118400,165000,194100,1020,2,1
"734","502 Lime Kiln Rd","0.31","$122,800.00 ","Dwelling","$114,800.00 ","15 1 12",6,129200,137500,119600,129100,161700,992,2,1
"735","502 Maury St","0.19","$146,400.00 ","Dwelling","$200,000.00 ","17 1 121",2,120000,62500,67400,215700,243700,1152,3,2
"737","503 Borden Rd","0.6","$174,800.00 ","Dwelling","$166,000.00 ","15 1 25",6,211900,215100,232200,179100,264200,1200,3,2
"739","504 Cavalry Rd","N/A","$157,500.00 ","Dwelling","$130,000.00 ","21 4 32",4,168200,170600,137500,167600,228200,1242,3,1
"740","505 Jackson Ave","0.28","$502,800.00 ","Dwelling","$556,070.00 ","22 3 4A",4,476800,605400,504100,567300,710500,3938,5,5
"741","505 Taylor St","0.22","$133,200.00 ","Dwelling","$62,000.00 ","29 14 4",4,125400,132800,164100,64000,169100,1435,2,1
"743","506 S Main St","0.39","$838,700.00 ","Dwelling","$800,000.00 ","29 1 6",4,411500,812500,857600,308900,838300,7001,5,8
"746","508 Borden Rd","0.676","$333,400.00 ","Dwelling","$340,000.00 ","15 1 8C",6,467300,384500,351600,379600,526700,4148,7,7
"747","508 Lime Kiln Rd","0.2","$121,100.00 ","Dwelling","$145,300.00 ","14 1 10",6,137500,138200,144400,157800,162500,1306,3,1
"748","508 Taylor St","0.31","$235,400.00 ","Dwelling","$210,000.00 ","29 4 18A",3,241900,258300,253100,298100,321400,2316,4,2
"749","509 Maury St","0.2","$113,400.00 ","Dwelling","$105,000.00 ","18 1 31",2,105700,105600,113900,147800,169800,1008,2,2
"750","509 Murchison Dr","0.12","$152,600.00 ","Dwelling","$124,315.00 ","18 14 7",2,126600,133700,172800,174200,209300,1120,3,1
"755","512 Jackson Ave","0.37","$252,100.00 ","Dwelling","$232,000.00 ","22 13 5",4,229800,283800,240200,259300,357600,1592,3,2
"756","515 Borden Rd","2.04","$660,000.00 ","Dwelling","$677,500.00 ","15 1 9A2",6,535400,579500,704700,760800,881600,3737,5,4
"757","515 Maury St","0.44","$185,800.00 ","Dwelling","$185,000.00 ","18 1 25",2,223500,198800,186500,201500,287500,2039,4,3
"758","516 S Main St","0.648","$1,070,700.00 ","Dwelling","$895,000.00 ","28 1 8",4,985100,1000000,858100,924500,1000000,7152,7,6
"759","517 Arpia St","0.1","$66,300.00 ","Dwelling","$10,000.00 ","35 3 3A",3,102400,72500,83700,67700,104900,1110,2,1
"761","519 Maury St","0.2","$221,400.00 ","Dwelling","$245,000.00 ","18 1 24",2,139400,210100,236600,264300,319100,1915,3,2
"762","519 S Main St","0.16","$369,800.00 ","Dwelling","$400,000.00 ","28 19 2A",3,357200,410700,443000,471900,423100,2700,3,3
"764","520 Taylor St","0.46","$334,600.00 ","Dwelling","$412,000.00 ","29 4 27",3,421400,415400,427300,407400,515500,3510,5,3
"765","521 Maury St","0.22","$221,400.00 ","Dwelling","$225,000.00 ","18 1 23",2,144700,215000,236800,255700,309300,1915,3,2
"766","523 Lime Kiln Rd","0.35","$139,100.00 ","Dwelling","$135,000.00 ","14 3 3",4,140100,141200,144900,160000,207800,960,3,1
"770","524 Jackson Ave","0.22","$238,400.00 ","Dwelling","$148,500.00 ","28 2 49",3,203700,232700,273000,273700,330700,1448,3,1
"771","526 S Main St","0.61","$526,800.00 ","Dwelling","$534,000.00 ","28 17 1",4,445100,477500,537700,581200,722000,3328,5,2
"776","531 Borden Rd","0.4","$93,700.00 ","Dwelling","$90,500.00 ","15 1 4",6,124000,127700,92800,100200,156600,979,2,1
"777","533 Taylor St","0.26","$152,800.00 ","Dwelling","$130,000.00 ","28 18 2",4,235700,232400,228900,161000,240500,1944,4,1
"780","535 Taylor St","0.23","$336,400.00 ","Dwelling","$310,000.00 ","28 17 4",4,332500,316900,341800,419500,485100,3346,5,4
"782","546 Fairview Pl","0.2","$123,200.00 ","Dwelling","$204,000.00 ","14 1 8",6,137900,125800,136400,191700,225400,1109,2,1
"783","592 Lime Kiln Rd","0.139","$146,100.00 ","Dwelling","$155,000.00 ","15 1 1 12",6,146600,156400,166700,159800,223600,1078,3,2
"784","596 Lime Kiln Rd","0.173","$179,500.00 ","Dwelling","$179,850.00 ","15 1 1 9A",6,202100,183800,191700,22800,264100,1425,4,2
"786","598 Lime Kiln Rd","0.167","$143,300.00 ","Dwelling","$150,500.00 ","15 1 1 8",6,146500,157800,167300,159100,221200,1050,3,2
"788","6 Chamberlain Loop","0.087","$263,900.00 ","Twnhse/condo","$184,000.00 ","39 1 1 35",3,301000,277800,308600,307200,347500,2036,3,3
"789","6 Courtland Ctr","N/A","$607,300.00 ","Dwelling","$615,000.00 ","33 3 13",3,505800,505300,694100,682800,701200,4838,5,4.5
"791","6 Hook Ln","0.49","$143,400.00 ","Dwelling","$130,000.00 ","18 1 12",2,149400,144900,138700,141000,219000,2960,6,2
"792","6 Junkin Pl","0.59","$373,000.00 ","Dwelling","$389,000.00 ","34 7 35",3,386800,371800,403900,436000,556000,3609,5,3.5
"795","6 Poyntz Pl","N/A","$330,100.00 ","Dwelling","$330,000.00 ","25 8 3",2,236600,250900,275100,331800,416900,2430,3,4
"796","6 Sixty West Dr","0.14","$392,100.00 ","Dwelling","$345,000.00 ","8 1 1 6",6,400300,335900,367100,455000,494600,2742,4,3
"797","6 Wallace St","0.33","$215,900.00 ","Dwelling","$280,000.00 ","28 16 2A",3,234700,322200,354900,254900,366900,2000,3,2
"800","600 Stonewall St","N/A","$374,800.00 ","Dwelling","$377,500.00 ","28 2 1",3,410000,460100,394600,433500,536000,2539,3,3
"802","602 Jackson Ave","0.18","$229,000.00 ","Dwelling","$217,500.00 ","28 2 53",3,219500,232400,284500,283800,330300,2033,4,1
"803","602 Ross Rd","0.614","$303,200.00 ","Dwelling","$389,300.00 ","28 2 61A",3,332800,320800,344300,394300,480900,2164,4,2
"804","603 Allen Ave","0.19","$81,500.00 ","Dwelling","$37,000.00 ","18 8 25",2,102100,114600,114400,85400,370000,1050,3,1
"808","605 Lime Kiln Rd","0.24","$122,000.00 ","Dwelling","$144,000.00 ","14 1 15",4,140600,138000,144100,155800,202100,1120,2,2
"812","609 Stonewall St","N/A","$546,300.00 ","Dwelling","$505,000.00 ","28 2 37",3,496300,579100,545700,542500,703100,4048,5,5
"816","613 Stonewall St","0.31","$317,900.00 ","Dwelling","$315,000.00 ","28 2 35",3,326000,349200,372100,333200,445800,1874,3,2
"817","614 N Main St","0.12","$68,200.00 ","Dwelling","$88,000.00 ","18 1 8",1,130100,88500,102200,102200,120900,725,2,1
"818","614 Ross Rd","0.23","$205,600.00 ","Dwelling","$160,000.00 ","27 2 7",3,230900,172800,193300,269700,307700,1928,3,2
"820","616 Ross Rd","0.23","$208,600.00 ","Dwelling","$192,801.00 ","27 2 8",3,225100,232600,224300,208600,292100,1872,4,2
"821","617 Marshall St","0.24","$236,100.00 ","Dwelling","$207,500.00 ","27 2 14",3,259100,265200,211300,228700,344100,2153,3,3
"822","618 Marshall St","0.28","$522,700.00 ","Dwelling","$759,000.00 ","27 2 31",3,511200,559500,795400,633800,864300,4381,4,4.5
"824","619 Stonewall St","0.32","$392,900.00 ","Dwelling","$500,000.00 ","28 2 32",3,378500,442300,412200,409600,592300,2352,4,2.5
"825","620 Marshall St","0.471","$814,400.00 ","Dwelling","$765,000.00 ","27 3 3B",3,838100,742900,860000,645600,844100,3466,5,6
"826","622 Stonewall St","N/A","$324,900.00 ","Dwelling","$259,000.00 ","28 2 42",3,333500,289500,349600,380100,445000,2245,5,4
"827","625 Marshall St","2.96","$580,100.00 ","Dwelling","$785,000.00 ","27 5 1",3,193700,212100,258400,900500,665700,2550,4,4
"828","625 S Main St","0.17","$204,400.00 ","Dwelling","$185,000.00 ","28 12 3",3,235000,201800,217600,257700,291300,2359,5,3
"830","7 Barger Dr","N/A","$377,100.00 ","Dwelling","$396,000.00 ","28 4 6",3,296800,409200,408100,455100,539600,3950,4,3.5
"831","7 Chamberlain Loop","0.1","$285,100.00 ","Dwelling","$315,000.00 ","39 1 1 29",3,167500,156300,308800,333600,350700,1725,3,2
"832","7 Courtland Ctr","N/A","$534,500.00 ","Dwelling","$529,000.00 ","33 3 14",3,444100,403800,489800,529800,688400,3340,4,3.5
"833","7 Edmondson Ave","0.3","$282,600.00 ","Dwelling","$250,000.00 ","28 21 24",4,236900,248600,251800,272100,383100,1755,3,2
"834","7 Houston St","0.37","$365,500.00 ","Dwelling","$447,950.00 ","29 1 8",4,468200,398400,429700,456000,537700,3799,5,3
"836","700 Plunkett St","0.21","$293,900.00 ","Dwelling","$305,000.00 ","28 5 60",3,313600,334500,282700,312400,422200,2300,4,3
"841","707 Thornhill Rd","0.86","$183,700.00 ","Dwelling","$175,100.00 ","34 6 9B",3,222500,222200,258200,180500,266800,1998,4,2
"843","708 N Main St","0.22","$135,000.00 ","Dwelling","$135,000.00 ","18 1 6",1,138100,137700,166100,157200,178500,1200,1,2
"844","709 Stono Ln","0.32","$187,600.00 ","Dwelling","$258,000.00 ","11 2 2004",1,149800,266700,172300,214100,288300,1400,3,2
"845","709 Thornhill Rd","0.212","$196,500.00 ","Dwelling","$167,000.00 ","34 5 7",3,222900,163600,179500,254400,292600,1668,3,2
"848","713 Thornhill Rd","0.31","$118,200.00 ","Dwelling","$180,000.00 ","34 1 8",3,147100,156500,383800,163000,198400,1030,2,1
"855","8 Edmondson Ave","0.29","$392,500.00 ","Dwelling","$390,000.00 ","28 20 3",3,449200,430900,415400,530800,559200,3965,5,3
"856","8 Houston St","0.34","$210,800.00 ","Dwelling","$333,000.00 ","29 1 23",5,249600,159100,171600,358700,411100,2042,3,3
"858","8 Junkin Pl","0.81","$378,500.00 ","Dwelling","$320,000.00 ","33 4 35A",3,344700,360700,335000,384700,502300,3125,3,3
"860","8 Sellers Ave","0.19","$176,000.00 ","Dwelling","$165,000.00 ","28 10 8",3,224600,231300,239100,177000,284800,1607,4,2
"862","8 Westside Ct","0.18","$272,700.00 ","Dwelling","$282,500.00 ","28 21 7",4,225200,259900,283200,290300,383900,1800,4,2
"864","802 Bowyer Ln","0.92","$448,000.00 ","Dwelling","$315,000.00 ","33 2 57",3,464400,466000,420400,335500,372400,4000,5,4
"865","803 Bowyer Ln","0.523","$222,600.00 ","Dwelling","$255,000.00 ","33 2 58",3,302300,320200,286000,251100,360000,1368,3,2
"866","803 Mcmath Cir","0.59","$415,800.00 ","Dwelling","$375,000.00 ","33 3 18",3,360600,371500,398500,386500,438100,3239,4,3.5
"868","805 Mcmath Cir","N/A","$452,100.00 ","Dwelling","$225,000.00 ","33 3 17",3,390700,382800,389200,404100,567000,3034,4,3
"869","809 Mccorkle Dr","0.34","$160,700.00 ","Dwelling","$155,000.00 ","19 2 3",2,204100,194600,203300,177400,251800,1778,3,2
"870","812 Thornhill Rd","1.62","$307,900.00 ","Dwelling","$325,000.00 ","34 1 12A",3,335900,331800,359200,331000,425800,2586,4,3
"873","823 Thornhill Rd","0.67","$208,900.00 ","Dwelling","$185,000.00 ","34 3 5",3,225100,222000,258600,238400,310400,1797,4,2
"874","833 Shenandoah Rd","0.4","$262,900.00 ","Dwelling","$255,000.00 ","40 4 2 9",3,272600,289500,259900,280700,371700,2922,4,3
"876","834 Shenandoah Rd","0.49","$227,700.00 ","Dwelling","$265,000.00 ","40 4 3 14",3,237800,226200,233400,281100,337900,2058,3,2
"878","840 Shenandoah Rd","0.82","$275,100.00 ","Dwelling","$319,000.00 ","40 3 3 1",3,292800,300600,301700,341100,417000,3081,4,3
"879","843 Shenandoah Rd","N/A","$211,700.00 ","Dwelling","$207,500.00 ","40 3 1 5",3,250100,208400,224800,244200,322200,2755,5,3
"880","9 Chamberlain Loop","0.084","$319,000.00 ","Twnhse/condo","$255,000.00 ","39 1 1 28",3,236600,290800,322100,332700,397100,2276,4,5
"881","9 Edmondson Ave","0.2","$247,200.00 ","Dwelling","$225,000.00 ","28 21 23",4,238500,259400,234500,253200,355000,2170,3,3
"883","9 Massie St","N/A","$51,400.00 ","Dwelling","$39,000.00 ","17 1 41",2,60400,44000,41400,69100,83400,795,1,1
"885","9 Whitmore St","0.32","$317,600.00 ","Dwelling","$327,000.00 ","28 5 21",3,242800,256900,329100,355800,425000,2340,5,2
"888","901 Sunset Dr","N/A","$338,200.00 ","Dwelling","$330,000.00 ","34 11 44",3,329600,328900,347200,385800,458700,2823,3,3
"889","902 Providence Pl","1","$378,300.00 ","Dwelling","$393,000.00 ","34 7 33",3,363400,365900,371400,426900,459300,2548,5,3
"890","903 Bowyer Ln","0.68","$412,000.00 ","Dwelling","$350,000.00 ","33 2 72",3,497800,377600,367500,409100,583900,4200,5,4
"893","904 Sunset Dr","0.67","$337,900.00 ","Dwelling","$356,000.00 ","33 4 37",3,330600,333100,366600,377100,466900,2415,3,2
"894","905 Ruffner Pl","1.02","$269,600.00 ","Dwelling","$245,000.00 ","39 2 2",3,330800,248800,268300,321100,403500,2600,3,3
"895","905 Sunset Dr","0.95","$357,100.00 ","Dwelling","$325,000.00 ","33 2 65",3,324400,335700,363300,328400,436900,1842,4,2
"896","905 Thornhill Rd","N/A","$330,100.00 ","Dwelling","$449,000.00 ","40 1 1",3,122500,197600,334600,364400,527100,2600,3,2.5
"897","906 Providence Pl","0.45","$328,700.00 ","Dwelling","$299,000.00 ","40 1 2A",3,325300,344200,364600,359700,388500,2526,4,2
"898","907 Shenandoah Rd","0.33","$199,700.00 ","Dwelling","$208,000.00 ","40 2 2 12",3,242600,281200,303300,225600,308000,2915,4,2
"899","907 Sunset Dr","0.67","$473,600.00 ","Dwelling","$372,000.00 ","33 2 74",3,359000,368900,397900,382300,548600,3576,4,2
"900","908 Shenandoah Rd","0.39","$302,200.00 ","Dwelling","$295,000.00 ","40 3 3 11",3,324500,334000,360200,338600,436600,3423,4,5
"901","909 Ruffner Pl","0.37","$196,800.00 ","Dwelling","$196,000.00 ","39 2 3",3,224200,215900,199900,215900,296200,1513,3,2
"903","921 Providence Pl","N/A","$420,500.00 ","Dwelling","$418,000.00 ","33 1 4",3,353300,348400,370500,426200,541900,2640,5,3
"904","923 Thornhill Rd","1","$263,600.00 ","Dwelling","$255,000.00 ","39 1 3",3,241000,155600,264600,258000,294700,1911,4,2.5
"905","931 Thornhill Rd","0.955","$238,800.00 ","Dwelling","$50,000.00 ","39 1 2",3,179000,186200,208100,164400,22500,1668,2,1
